{
  "0-20000-0-11774": [
    17.57,
    49.320556
  ],
  "0-20000-0-11747": [
    17.134722,
    49.4525
  ],
  "0-20000-0-11723": [
    16.688889,
    49.153056
  ],
  "0-20000-0-11693": [
    16.134444,
    49.095556
  ],
  "0-20000-0-11636": [
    15.439167,
    49.159167
  ],
  "0-20000-0-11698": [
    16.085278,
    48.881111
  ],
  "0-20000-0-11692": [
    16.120556,
    49.170833
  ],
  "0-20000-0-11457": [
    13.615278,
    49.068333
  ],
  "0-20000-0-11487": [
    13.838611,
    49.467222
  ],
  "0-20000-0-11538": [
    14.342222,
    49.197778
  ],
  "0-20000-0-11546": [
    14.469722,
    48.951944
  ],
  "0-20000-0-11643": [
    15.728889,
    50.691944
  ],
  "0-20000-0-11669": [
    16.322222,
    50.350278
  ],
  "0-20000-0-11679": [
    16.422222,
    49.980278
  ],
  "0-20000-0-11624": [
    15.386389,
    49.940833
  ],
  "0-20000-0-11609": [
    15.352626,
    50.439511
  ],
  "0-20000-0-11652": [
    15.740273,
    50.016111
  ],
  "0-20000-0-11683": [
    16.034167,
    49.735
  ],
  "0-20000-0-11450": [
    13.378889,
    49.764722
  ],
  "0-20000-0-11423": [
    12.678056,
    49.669444
  ],
  "0-20000-0-11406": [
    12.391389,
    50.068333
  ],
  "0-20000-0-11414": [
    12.914167,
    50.201667
  ],
  "0-20000-0-11766": [
    17.541944,
    49.777222
  ],
  "0-20000-0-11787": [
    18.4475,
    49.546111
  ],
  "0-20000-0-11782": [
    18.112778,
    49.691944
  ],
  "0-20000-0-11730": [
    17.108333,
    50.1875
  ],
  "0-20000-0-11710": [
    16.953333,
    49.652222
  ],
  "0-20000-0-11791": [
    17.8286,
    49.3653
  ],
  "0-20000-0-11519": [
    14.427778,
    50.069167
  ],
  "0-20000-0-11567": [
    14.538056,
    50.123333
  ],
  "0-20000-0-11520": [
    14.446944,
    50.007778
  ],
  "0-20000-0-11518": [
    14.255556,
    50.100278
  ],
  "0-20000-0-11628": [
    15.08046,
    49.573504
  ],
  "0-20000-0-11659": [
    15.763055,
    49.582785
  ],
  "0-20000-0-11509": [
    14.17,
    50.45889
  ],
  "0-20000-0-11438": [
    13.32806,
    50.37667
  ],
  "0-20000-0-11433": [
    13.62278,
    50.54417
  ],
  "0-20000-0-11464": [
    13.93083,
    50.555
  ],
  "0-20000-0-11502": [
    14.04111,
    50.68333
  ],
  "0-20000-0-11603": [
    15.02389,
    50.76972
  ]
}